{
    "duration": 10.0,
    "id": "scn1",
    "networkID": 2,
    "cars": [
        {
            "id": "car0",
            "width": 2.4084889037043355,
            "length": 4.216777839703067,
            "universal": [],
            "trajectories": [
                {
                    "road": 0,
                    "lane": 1,
                    "p0": 2.3658978217959623,
                    "p1": 4.693720003305899,
                    "t0": 0.0,
                    "t1": 0.0,
                    "v0": 16.39023526542065,
                    "v1": 56.39023526542065,
                    "id": 0
                },
                {
                    "road": 0,
                    "lane": 1,
                    "p0": 213.17243960654775,
                    "p1": 313.17243960654775,
                    "t0": 8.0,
                    "t1": 10.0,
                    "v0": 24.444309788366127,
                    "v1": 124.44430978836613,
                    "id": 1
                }
            ]
        },
        {
            "id": "car1",
            "width": 2.975847063615953,
            "length": 4.216436289572451,
            "universal": [],
            "trajectories": [
                {
                    "road": 1,
                    "lane": 2,
                    "p0": 2.6879724360661816,
                    "p1": 5.293717625970896,
                    "t0": 0.0,
                    "t1": 0.0,
                    "v0": 15.889886546021126,
                    "v1": 55.889886546021124,
                    "id": 0
                },
                {
                    "road": 1,
                    "lane": 2,
                    "p0": 62.0570247631927,
                    "p1": 162.05702476319271,
                    "t0": 8.0,
                    "t1": 10.0,
                    "v0": 1.0,
                    "v1": 87.89917865106217,
                    "id": 1
                }
            ]
        }
    ],
    "goal": {
        "cars": [
            [
                "car0",
                "car1"
            ]
        ],
        "collides": 1
    }
}