{
    "duration": 10.0,
    "id": "scn1",
    "networkID": 0,
    "cars": [
        {
            "id": "car0",
            "width": 2.673818278290325,
            "length": 3.5374249403808276,
            "universal": [],
            "trajectories": [
                {
                    "road": 0,
                    "lane": 0,
                    "p0": 3.8082236358305486,
                    "p1": 5.975504125383885,
                    "t0": 0.0,
                    "t1": 0.0,
                    "v0": 19.51394289081597,
                    "v1": 59.51394289081597,
                    "id": 0
                },
                {
                    "road": 0,
                    "lane": 0,
                    "p0": 189.05294323331998,
                    "p1": 289.05294323332,
                    "t0": 8.0,
                    "t1": 10.0,
                    "v0": 19.369973341589713,
                    "v1": 119.36997334158971,
                    "id": 1
                }
            ]
        },
        {
            "id": "car1",
            "width": 2.8196565737471495,
            "length": 4.482820273798025,
            "universal": [],
            "trajectories": [
                {
                    "road": 1,
                    "lane": 0,
                    "p0": 3.4647184761312007,
                    "p1": 5.781542812617755,
                    "t0": 0.0,
                    "t1": 0.0,
                    "v0": 7.749430453023179,
                    "v1": 47.74943045302318,
                    "id": 0
                },
                {
                    "road": 1,
                    "lane": 0,
                    "p0": 243.57261318934934,
                    "p1": 343.57261318934934,
                    "t0": 8.0,
                    "t1": 10.0,
                    "v0": 28.597685961801687,
                    "v1": 128.5976859618017,
                    "id": 1
                }
            ]
        }
    ],
    "goal": {
        "cars": [
            [
                "car0",
                "car1"
            ]
        ],
        "collides": 1
    }
}