{
    "duration": 10.0,
    "id": "scn1",
    "networkID": 1,
    "cars": [
        {
            "id": "car0",
            "width": 2.3176417324919165,
            "length": 3.5193829440681936,
            "universal": [],
            "trajectories": [
                {
                    "road": 0,
                    "lane": 1,
                    "p0": 3.5096113152460506,
                    "p1": 5.974144881777372,
                    "t0": 0.0,
                    "t1": 0.0,
                    "v0": 13.343558455367072,
                    "v1": 53.343558455367074,
                    "id": 0
                },
                {
                    "road": 0,
                    "lane": 1,
                    "p0": 184.17049337802897,
                    "p1": 284.17049337802894,
                    "t0": 8.0,
                    "t1": 10.0,
                    "v0": 16.177387152206506,
                    "v1": 116.1773871522065,
                    "id": 1
                }
            ]
        },
        {
            "id": "car1",
            "width": 2.7810725607020874,
            "length": 3.842910619428351,
            "universal": [],
            "trajectories": [
                {
                    "road": 1,
                    "lane": 0,
                    "p0": 2.2911199022995623,
                    "p1": 5.151695422697326,
                    "t0": 0.0,
                    "t1": 0.0,
                    "v0": 7.5886868827792,
                    "v1": 47.5886868827792,
                    "id": 0
                },
                {
                    "road": 1,
                    "lane": 0,
                    "p0": 187.0394334726608,
                    "p1": 287.0394334726608,
                    "t0": 8.0,
                    "t1": 10.0,
                    "v0": 15.192555155365369,
                    "v1": 115.19255515536537,
                    "id": 1
                }
            ]
        }
    ],
    "goal": {
        "cars": [
            [
                "car0",
                "car1"
            ]
        ],
        "collides": 1
    }
}