{
    "duration": 10.0,
    "id": "scn1",
    "networkID": 0,
    "cars": [
        {
            "id": "car0",
            "width": 2.4883598889955403,
            "length": 2.6557207892951658,
            "universal": [],
            "trajectories": [
                {
                    "road": 0,
                    "lane": 0,
                    "p0": 2.8637911732497114,
                    "p1": 5.1633991640335255,
                    "t0": 0.0,
                    "t1": 0.0,
                    "v0": 17.12085769677466,
                    "v1": 57.120857696774664,
                    "id": 0
                },
                {
                    "road": 0,
                    "lane": 0,
                    "p0": 119.57780321585508,
                    "p1": 219.57780321585508,
                    "t0": 8.0,
                    "t1": 10.0,
                    "v0": 2.1090291635894545,
                    "v1": 102.10902916358945,
                    "id": 1
                }
            ]
        },
        {
            "id": "car1",
            "width": 2.146963275745153,
            "length": 4.445394284013034,
            "universal": [],
            "trajectories": [
                {
                    "road": 1,
                    "lane": 1,
                    "p0": 3.364461239656354,
                    "p1": 5.434988614792639,
                    "t0": 0.0,
                    "t1": 0.0,
                    "v0": 10.603333198473816,
                    "v1": 50.60333319847382,
                    "id": 0
                },
                {
                    "road": 1,
                    "lane": 1,
                    "p0": 184.93062676844863,
                    "p1": 284.93062676844863,
                    "t0": 8.0,
                    "t1": 10.0,
                    "v0": 15.528527508051724,
                    "v1": 115.52852750805172,
                    "id": 1
                }
            ]
        }
    ],
    "goal": {
        "cars": [
            [
                "car0",
                "car1"
            ]
        ],
        "collides": 1
    }
}